KEYWORD,总互动量
眼+霜+香奈儿一号,眼+霜+红山茶,红山茶花眼+霜,一号,香奈儿,chanel,山茶花,香奈儿一号,0
NULL,182504
精华+红山茶,精华+n+1+de+chanel,面霜+红山茶,面霜+n1+chanel,面霜+n+1+de+chanel,乳霜+n+1+de+chanel,乳霜+红山茶,乳霜+香奈儿一号,眼+霜+n+1+de+chanel,眼+霜+红山茶,红山茶花乳霜,红山茶花精华,红山茶花眼+霜,红山茶花面霜,一号,香奈儿,chanel,n1,抗氧,山茶花,衰老初期,护肤,肌肤衰老,小样,香奈儿一号,n1+chanel,10396
一号红山茶花精华,精华+香奈儿一号,精华+红山茶,面霜+香奈儿一号,面霜+红山茶,红山茶花精华,红山茶花面霜,一号,香奈儿,山茶花,护肤,小样,香奈儿一号,60
一号红山茶花精华,精华+红山茶,红山茶花精华,一号,香奈儿,chanel,54
面霜+红山茶,眼+霜+红山茶,红山茶花面霜,香奈儿,0
精华+红色一号,14
爽肤水+香奈儿一号,爽肤水+红山茶,红山茶花爽肤水,一号,香奈儿,山茶花,香奈儿一号,18
一号红山茶花精华,精华+红山茶,原儿茶酸+红山茶,红山茶花精华,一号,香奈儿,chanel,64
护肤,香奈儿一号,286
精华+香奈儿一号,精华+红山茶,红山茶花精华,一号,香奈儿,chanel,抗氧,山茶花,护肤,香奈儿一号,0
精华+香奈儿一号,精华+红山茶,香奈儿,chanel,6
精华+红山茶,面霜+红山茶,香奈儿,14461
精华+红山茶,面霜+红山茶,红山茶花精华,红山茶花面霜,1号,香奈儿,9
精华+红山茶,面霜+红山茶,香奈儿,山茶花,护肤,香奈儿一号,22
一号红山茶花精华,精华+香奈儿一号,精华+红山茶,面霜+香奈儿一号,面霜+红山茶,红山茶花精华,一号,香奈儿,chanel,新款+红山茶,山茶花,护肤,肌肤衰老,细胞活力,细胞能量,香奈儿一号,828
面霜+红山茶,红山茶花面霜,香奈儿,chanel,14530
精华+红色山茶,面霜+红山茶,面霜+红色山茶,眼+霜+红山茶,香奈儿,chanel,抗氧,山茶花,护肤,n1+chanel,10
面霜+香奈儿1号,面霜+红色山茶,香奈儿,山茶花,羊毛,小样,香奈儿1号,328
一号红山茶花精华,精华+香奈儿一号,精华+红色山茶,精华+红山茶,红山茶花精华,一号,香奈儿,山茶花,护肤,香奈儿一号,52
香奈儿红山茶花精华,一号红山茶花精华,精华+香奈儿一号,精华+红山茶,面霜+香奈儿一号,面霜+红山茶,红山茶花精华,红山茶花面霜,一号,香奈儿,chanel,山茶花,护肤,细胞活力,香奈儿一号,6547
抗氧,护肤,n1+chanel,1688
香奈儿红山茶花精华,精华+chanel一号,精华+红山茶,红山茶花精华,一号,香奈儿,chanel,刘雯,山茶花,chanel一号,91
山茶花,护肤,小样,chanel一号,8
乳霜+香奈儿一号,乳霜+红山茶,眼+霜+香奈儿一号,眼+霜+红山茶,红山茶花眼+霜,一号,香奈儿,山茶花,香奈儿一号,11
精华+chanel一号,眼+霜+chanel一号,眼+霜+红山茶,红山茶花眼+霜,1号,一号,chanel,山茶花,chanel一号,4
爽肤水+红山茶,3
精华+红山茶,面霜+红山茶,乳霜+红山茶,洁颜粉+红山茶,精粹喷雾+红山茶,精粹水+红山茶,精华水+红山茶,红山茶花精华,红山茶花洁颜,红山茶花面霜,红山茶花精粹水,香奈儿,chanel,3
精华+n1+香奈儿,源自天然,山茶花,n1+香奈儿,12
山茶花,小样,香奈儿一号,12
香奈儿红山茶花精华,一号红山茶花精华,精华+香奈儿一号,精华+红山茶,红山茶花精华,一号,香奈儿,chanel,山茶花,香奈儿一号,10
面霜+香奈儿一号,面霜+红山茶,红山茶花面霜,一号,香奈儿,chanel,抗氧,山茶花,护肤,细胞活力,香奈儿一号,344
精华+n1+chanel,面霜+n1+chanel,ibo,山茶花,护肤,小样,n1+chanel,125
香奈儿红山茶花精华,一号红山茶花精华,精华+香奈儿一号,精华+红山茶,面霜+香奈儿一号,面霜+红山茶,红山茶花精华,红山茶花面霜,一号,香奈儿,chanel,抗氧,山茶花,衰老初期,老化迹象,护肤,细胞活力,香奈儿一号,29925
香奈儿红山茶花精华,精华+红山茶,红山茶花精华,一号,香奈儿,山茶花,护肤,香奈儿一号,1
山茶花,可持续,香奈儿一号,0
香奈儿+中了,红山茶+中了,精华+中了,611
chanel+好运,294
面霜+香奈儿一号,面霜+红山茶,香奈儿,chanel,山茶花,香奈儿一号,1310
抗老从1开始,504
chanel+盒子,0
一号红山茶花精华,精华+香奈儿一号,精华+红山茶,红山茶花精华,一号,香奈儿,chanel,抗氧,山茶花,护肤,香奈儿一号,0
精华+红山茶,原儿茶酸+红山茶,红山茶花精华,chanel,27
眼+霜+香奈儿一号,眼+霜+红山茶,红山茶花眼+霜,一号,香奈儿,山茶花,护肤,香奈儿一号,1
香奈儿+掉落,香奈儿+邀你试用,chanel+邀你试用,红山茶+掉落,红山茶+邀你试用,精华+掉落,精华+邀你试用,面霜+邀你试用,183
精华+香奈儿一号,精华+红山茶,乳霜+n+1+de+chanel,红山茶花精华,一号,香奈儿,chanel,n1,山茶花,香奈儿一号,n1+chanel,12
面霜+香奈儿一号,面霜+红山茶,红山茶花面霜,一号,香奈儿,chanel,n1,山茶花,香奈儿一号,48
香奈儿红山茶花精华,精华+红山茶,精华+红色山茶,红山茶花精华,一号,香奈儿,chanel,山茶花,香奈儿一号,113
香奈儿+好运,香奈儿+邀你试用,chanel+邀你试用,红山茶+邀你试用,精华+邀你试用,面霜+邀你试用,0
香奈儿+盒子,香奈儿+惊喜+盒子,香奈儿+掉+盒子,香奈儿+盒子+惊喜,香奈儿+邀你试用,chanel+盒子,chanel+惊喜+盒子,chanel+掉+盒子,chanel+盒子+惊喜,chanel+邀你试用,红山茶+盒子,红山茶+惊喜+盒子,红山茶+掉+盒子,红山茶+盒子+惊喜,红山茶+邀你试用,精华+盒子,精华+惊喜+盒子,精华+掉+盒子,精华+盒子+惊喜,精华+邀你试用,面霜+邀你试用,103
